{"f1_score": 0.9206349206349206, "accuracy": 0.9180327868852459}